Field,Phase,SI,log_IAP,"log K(300 K, 1 atm)",Form
ANTELOPE HILLS,Alstonite,1.72,4.3,2.58,BaCa(CO3)2
ANTELOPE HILLS,Anhydrite,-3.67,-8.04,-4.37,CaSO4
ANTELOPE HILLS,Antarcticite,-10.4,-6.31,4.09,CaCl2:6H2O
ANTELOPE HILLS,Aphthitalite,-14.8,-18.69,-3.89,NaK3(SO4)2
ANTELOPE HILLS,Aragonite,0.98,2.92,1.94,CaCO3
ANTELOPE HILLS,Arcanite,-8.66,-10.48,-1.82,K2SO4
ANTELOPE HILLS,Arsenolite,-40.8,-60.54,-19.74,As2O3
ANTELOPE HILLS,Artinite,-3.1,16.38,19.47,Mg2CO3(OH)2:3H2O
ANTELOPE HILLS,As,-46.18,-3.83,42.36,As
ANTELOPE HILLS,As2O5,-37.27,-35.17,2.09,As2O5
ANTELOPE HILLS,As4O6(cubi),-81.45,-121.08,-39.63,As4O6
ANTELOPE HILLS,As4O6(mono),-81.22,-121.08,-39.86,As4O6
ANTELOPE HILLS,B,-85.26,23.56,108.81,B
ANTELOPE HILLS,B(g),-175.88,23.56,199.44,B
ANTELOPE HILLS,B2O3,-11.3,-5.77,5.53,B2O3
ANTELOPE HILLS,Ba,-111.17,29.11,140.28,Ba
ANTELOPE HILLS,Ba(OH)2:8H2O,-12.96,11.46,24.43,Ba(OH)2:8H2O
ANTELOPE HILLS,BaCl2,-10.06,-7.84,2.21,BaCl2
ANTELOPE HILLS,BaCl2:2H2O,-8.07,-7.85,0.23,BaCl2:2H2O
ANTELOPE HILLS,BaCl2:H2O,-8.67,-7.85,0.83,BaCl2:H2O
ANTELOPE HILLS,BaMnO4,-36.73,-46.82,-10.09,BaMnO4
ANTELOPE HILLS,BaO,-36,11.48,47.48,BaO
ANTELOPE HILLS,Barite,0.39,-9.59,-9.98,BaSO4
ANTELOPE HILLS,Barytocalcite,1.56,4.3,2.74,BaCa(CO3)2
ANTELOPE HILLS,BaSeO3,-5.83,-12.41,-6.58,BaSeO3
ANTELOPE HILLS,BaSeO4,-8.71,-16.15,-7.45,BaSeO4
ANTELOPE HILLS,Bassanite,-4.32,-8.05,-3.73,CaSO4:0.5H2O
ANTELOPE HILLS,Birnessite,-43.16,-128.71,-85.55,Mn8O14:5H2O
ANTELOPE HILLS,Bischofite,-10.49,-6.09,4.39,MgCl2:6H2O
ANTELOPE HILLS,Bixbyite,-6.27,-7.45,-1.19,Mn2O3
ANTELOPE HILLS,Bloedite,-11.29,-13.77,-2.48,Na2Mg(SO4)2:4H2O
ANTELOPE HILLS,Borax,-8.56,3.57,12.14,Na2(B4O5(OH)4):8H2O
ANTELOPE HILLS,Boric_acid,-2.76,-2.89,-0.13,B(OH)3
ANTELOPE HILLS,Brucite,-2.91,13.24,16.15,Mg(OH)2
ANTELOPE HILLS,Burkeite,-16.32,-6.83,9.49,Na6CO3(SO4)2
ANTELOPE HILLS,C,-38.54,25.15,63.69,C
ANTELOPE HILLS,C(g),-155.32,25.15,180.47,C
ANTELOPE HILLS,Ca,-108.21,30.66,138.87,Ca
ANTELOPE HILLS,Ca(g),-133.25,30.66,163.9,Ca
ANTELOPE HILLS,Ca2Cl2(OH)2:H2O,-19.56,6.73,26.29,Ca2Cl2(OH)2:H2O
ANTELOPE HILLS,Ca3(AsO4)2,-13.72,3.91,17.63,Ca3(AsO4)2
ANTELOPE HILLS,Ca4Cl2(OH)6:13H2O,-35.57,32.75,68.33,Ca4Cl2(OH)6:13H2O
ANTELOPE HILLS,Calcite,1.13,2.92,1.79,CaCO3
ANTELOPE HILLS,Carnallite,-14.73,-10.46,4.27,KMgCl3:6H2O
ANTELOPE HILLS,CaSeO3:2H2O,-6.22,-10.87,-4.65,CaSeO3:2H2O
ANTELOPE HILLS,CaSeO4,-11.52,-14.61,-3.09,CaSeO4
ANTELOPE HILLS,CaSO4:0.5H2O(beta),-4.48,-8.05,-3.56,CaSO4:0.5H2O
ANTELOPE HILLS,Celestite,-3.22,-8.96,-5.73,SrSO4
ANTELOPE HILLS,Chloromagnesite,-27.71,-6.08,21.63,MgCl2
ANTELOPE HILLS,Cl2(g),-39.89,-36.95,2.93,Cl2
ANTELOPE HILLS,Claudetite,-40.84,-60.54,-19.7,As2O3
ANTELOPE HILLS,CO2(g),-2.26,-10.11,-7.84,CO2
ANTELOPE HILLS,Colemanite,-12.79,8.73,21.51,Ca2B6O11:5H2O
ANTELOPE HILLS,Dolomite,3.66,6.06,2.4,CaMg(CO3)2
ANTELOPE HILLS,Dolomite-dis,2.14,6.06,3.93,CaMg(CO3)2
ANTELOPE HILLS,Dolomite-ord,3.67,6.06,2.39,CaMg(CO3)2
ANTELOPE HILLS,Downeyite,-17.1,-23.89,-6.79,SeO2
ANTELOPE HILLS,Epsomite,-5.88,-7.84,-1.96,MgSO4:7H2O
ANTELOPE HILLS,Fe,-34.04,24.54,58.58,Fe
ANTELOPE HILLS,Fe(OH)2,-6.87,6.91,13.78,Fe(OH)2
ANTELOPE HILLS,Fe(OH)3,0.92,6.46,5.54,Fe(OH)3
ANTELOPE HILLS,Fe2(SO4)3,-53.04,-50.29,2.75,Fe2(SO4)3
ANTELOPE HILLS,FeO,-6.49,6.91,13.4,FeO
ANTELOPE HILLS,Ferrite-Ca,4.77,25.96,21.19,CaFe2O4
ANTELOPE HILLS,Ferrite-Dicalcium,-17.26,38.99,56.24,Ca2Fe2O5
ANTELOPE HILLS,Ferrite-Mg,5.48,26.18,20.69,MgFe2O4
ANTELOPE HILLS,Ferroselite,-46.12,-126.57,-80.45,FeSe2
ANTELOPE HILLS,FeSO4,-16.68,-14.16,2.52,FeSO4
ANTELOPE HILLS,Gaylussite,-3.22,7.95,11.16,CaNa2(CO3)2:5H2O
ANTELOPE HILLS,Glauberite,-8.51,-13.98,-5.47,Na2Ca(SO4)2
ANTELOPE HILLS,Goethite,6.01,6.46,0.46,FeOOH
ANTELOPE HILLS,Gypsum,-3.51,-8.05,-4.53,CaSO4:2H2O
ANTELOPE HILLS,H2(g),-25.04,-28.15,-3.11,H2
ANTELOPE HILLS,H2O(g),-1.54,0,1.53,H2O
ANTELOPE HILLS,Halite,-3.66,-2.09,1.57,NaCl
ANTELOPE HILLS,Hausmannite,-8.05,1.78,9.83,Mn3O4
ANTELOPE HILLS,HCl(g),-15.88,-9.66,6.21,HCl
ANTELOPE HILLS,Hematite,13.01,12.93,-0.08,Fe2O3
ANTELOPE HILLS,Hexahydrite,-6.11,-7.84,-1.73,MgSO4:6H2O
ANTELOPE HILLS,Huntite,2.33,12.34,10.02,CaMg3(CO3)4
ANTELOPE HILLS,Hydroboracite,-11.42,8.94,20.36,MgCaB6O11:6H2O
ANTELOPE HILLS,Hydromagnesite,-4.59,25.79,30.39,Mg5(CO3)4(OH)2:4H2O
ANTELOPE HILLS,Hydrophilite,-17.95,-6.3,11.65,CaCl2
ANTELOPE HILLS,Ice,-0.15,0,0.15,H2O
ANTELOPE HILLS,Jarosite,-7.83,-17.46,-9.63,KFe3(SO4)2(OH)6
ANTELOPE HILLS,Jarosite-Na,-9.74,-15.19,-5.45,NaFe3(SO4)2(OH)6
ANTELOPE HILLS,K,-56.41,14.11,70.52,K
ANTELOPE HILLS,K(g),-66.91,14.11,81.02,K
ANTELOPE HILLS,K2CO3:1.5H2O,-12.9,0.48,13.38,K2CO3:1.5H2O
ANTELOPE HILLS,K2O,-72.95,10.59,83.54,K2O
ANTELOPE HILLS,K2Se,-62.74,-51.52,11.22,K2Se
ANTELOPE HILLS,K3H(SO4)2,-22.64,-26.26,-3.62,K3H(SO4)2
ANTELOPE HILLS,K8H4(CO3)6:3H2O,-45.99,-18.28,27.71,K8H4(CO3)6:3H2O
ANTELOPE HILLS,Kainite,-11.89,-12.2,-0.31,KMgClSO4:3H2O
ANTELOPE HILLS,Kalicinite,-5.09,-4.81,0.28,KHCO3
ANTELOPE HILLS,Kieserite,-7.56,-7.83,-0.27,MgSO4:H2O
ANTELOPE HILLS,KMgCl3,-31.54,-10.45,21.09,KMgCl3
ANTELOPE HILLS,KMgCl3:2H2O,-24.32,-10.45,13.87,KMgCl3:2H2O
ANTELOPE HILLS,KNaCO3:6H2O,-7.51,2.75,10.26,KNaCO3:6H2O
ANTELOPE HILLS,Lansfordite,-1.71,3.13,4.84,MgCO3:5H2O
ANTELOPE HILLS,Lawrencite,-21.37,-12.41,8.95,FeCl2
ANTELOPE HILLS,Leonite,-14.21,-18.32,-4.11,K2Mg(SO4)2:4H2O
ANTELOPE HILLS,Li,-59.14,13.13,72.27,Li
ANTELOPE HILLS,Li(g),-81.14,13.13,94.27,Li
ANTELOPE HILLS,Li2Se,-64.44,37.62,102.06,Li2Se
ANTELOPE HILLS,Lime,-19.31,13.03,32.34,CaO
ANTELOPE HILLS,Magnesite,0.92,3.14,2.22,MgCO3
ANTELOPE HILLS,Magnetite,9.68,19.84,10.16,Fe3O4
ANTELOPE HILLS,Manganite,-3.56,-3.73,-0.16,MnO(OH)
ANTELOPE HILLS,Manganosite,-8.54,9.24,17.77,MnO
ANTELOPE HILLS,Melanterite,-11.79,-14.18,-2.39,FeSO4:7H2O
ANTELOPE HILLS,Mercallite,-14.34,-15.78,-1.44,KHSO4
ANTELOPE HILLS,Mg,-90.78,30.87,121.65,Mg
ANTELOPE HILLS,Mg(g),-110.33,30.87,141.2,Mg
ANTELOPE HILLS,Mg1.25SO4(OH)0.5:0.5H2O,-9.6,-4.52,5.08,Mg1.25SO4(OH)0.5:0.5H2O
ANTELOPE HILLS,Mg1.5SO4(OH),-10.27,-1.21,9.06,Mg1.5SO4(OH)
ANTELOPE HILLS,MgCl2:2H2O,-18.71,-6.08,12.62,MgCl2:2H2O
ANTELOPE HILLS,MgCl2:4H2O,-13.34,-6.09,7.25,MgCl2:4H2O
ANTELOPE HILLS,MgCl2:H2O,-22.01,-6.08,15.93,MgCl2:H2O
ANTELOPE HILLS,MgOHCl,-12.17,3.58,15.75,MgOHCl
ANTELOPE HILLS,MgSeO3,-12.23,-10.65,1.58,MgSeO3
ANTELOPE HILLS,MgSeO3:6H2O,-7.24,-10.66,-3.42,MgSeO3:6H2O
ANTELOPE HILLS,MgSO4,-12.55,-7.83,4.72,MgSO4
ANTELOPE HILLS,Mirabilite,-4.89,-5.95,-1.06,Na2SO4:10H2O
ANTELOPE HILLS,Misenite,-94.08,-105.15,-11.08,K8H6(SO4)7
ANTELOPE HILLS,Mn,-55.48,26.87,82.35,Mn
ANTELOPE HILLS,Mn(OH)2(am),-5.96,9.24,15.19,Mn(OH)2
ANTELOPE HILLS,Mn(OH)3,-10.07,-3.73,6.34,Mn(OH)3
ANTELOPE HILLS,MnCl2:2H2O,-14.05,-10.09,3.96,MnCl2:2H2O
ANTELOPE HILLS,MnCl2:4H2O,-12.84,-10.1,2.74,MnCl2:4H2O
ANTELOPE HILLS,MnCl2:H2O,-15.57,-10.09,5.48,MnCl2:H2O
ANTELOPE HILLS,MnO2(gamma),-8.4,-24.53,-16.13,MnO2
ANTELOPE HILLS,MnSe,-42.17,-52.87,-10.7,MnSe
ANTELOPE HILLS,MnSeO3,-7.38,-14.65,-7.27,MnSeO3
ANTELOPE HILLS,MnSeO3:2H2O,-8.34,-14.66,-6.32,MnSeO3:2H2O
ANTELOPE HILLS,MnSO4,-14.37,-11.83,2.53,MnSO4
ANTELOPE HILLS,Molysite,-35.81,-22.52,13.29,FeCl3
ANTELOPE HILLS,Monohydrocalcite,0.27,2.92,2.65,CaCO3:H2O
ANTELOPE HILLS,Na,-50.54,16.38,66.93,Na
ANTELOPE HILLS,Na(g),-63.91,16.38,80.29,Na
ANTELOPE HILLS,Na2CO3,-6.08,5.04,11.12,Na2CO3
ANTELOPE HILLS,Na2CO3:7H2O,-4.95,5.02,9.97,Na2CO3:7H2O
ANTELOPE HILLS,Na2O,-51.87,15.14,67.01,Na2O
ANTELOPE HILLS,Na2Se,-58.71,-46.97,11.74,Na2Se
ANTELOPE HILLS,Na2Se2,-65.72,-126.71,-60.99,Na2Se2
ANTELOPE HILLS,Na3H(SO4)2,-18.55,-19.44,-0.89,Na3H(SO4)2
ANTELOPE HILLS,Na4Ca(SO4)3:2H2O,-14.02,-19.92,-5.89,Na4Ca(SO4)3:2H2O
ANTELOPE HILLS,NaFeO2,-5.66,14.04,19.69,NaFeO2
ANTELOPE HILLS,Nahcolite,-2.41,-2.54,-0.12,NaHCO3
ANTELOPE HILLS,Natron,-4.63,5.01,9.65,Na2CO3:10H2O
ANTELOPE HILLS,Nesquehonite,-2.1,3.13,5.24,MgCO3:3H2O
ANTELOPE HILLS,Niter,-6.73,-6.91,-0.18,KNO3
ANTELOPE HILLS,Nitrobarite,-10.48,-12.93,-2.45,Ba(NO3)2
ANTELOPE HILLS,NO2(g),-11.63,-3.39,8.24,NO2
ANTELOPE HILLS,O2(g),-32.35,-35.26,-2.91,O2
ANTELOPE HILLS,Oxychloride-Mg,-9.02,16.82,25.83,Mg2Cl(OH)3:4H2O
ANTELOPE HILLS,Pentahydrite,-6.45,-7.84,-1.39,MgSO4:5H2O
ANTELOPE HILLS,Periclase,-7.9,13.25,21.15,MgO
ANTELOPE HILLS,Picromerite,-13.88,-18.32,-4.44,K2Mg(SO4)2:6H2O
ANTELOPE HILLS,Pirssonite,-3.37,7.95,11.32,Na2Ca(CO3)2:2H2O
ANTELOPE HILLS,Polyhalite,-20.09,-34.4,-14.31,K2MgCa2(SO4)4:2H2O
ANTELOPE HILLS,Portlandite,-9.37,13.03,22.4,Ca(OH)2
ANTELOPE HILLS,Pyrolusite,-6.96,-24.53,-17.57,MnO2
ANTELOPE HILLS,Rhodochrosite,-0.62,-0.87,-0.24,MnCO3
ANTELOPE HILLS,Scacchite,-18.74,-10.09,8.65,MnCl2
ANTELOPE HILLS,Se,-14.48,11.37,25.85,Se
ANTELOPE HILLS,Se2O5,-60.87,-51.53,9.35,Se2O5
ANTELOPE HILLS,SeCl4,-76.72,-62.54,14.18,SeCl4
ANTELOPE HILLS,SeO3,-46.63,-27.64,19,SeO3
ANTELOPE HILLS,Siderite,-2.94,-3.19,-0.26,FeCO3
ANTELOPE HILLS,Sr,-111.06,29.75,140.8,Sr
ANTELOPE HILLS,Sr(NO3)2,-13.45,-12.29,1.16,Sr(NO3)2
ANTELOPE HILLS,Sr(NO3)2:4H2O,-13.04,-12.3,0.74,Sr(NO3)2:4H2O
ANTELOPE HILLS,Sr(OH)2,-15.23,12.11,27.34,Sr(OH)2
ANTELOPE HILLS,Sr3(AsO4)2,-19.26,1.18,20.44,Sr3(AsO4)2
ANTELOPE HILLS,SrCl2,-15.04,-7.21,7.84,SrCl2
ANTELOPE HILLS,SrCl2:2H2O,-10.48,-7.21,3.27,SrCl2:2H2O
ANTELOPE HILLS,SrCl2:6H2O,-8.74,-7.22,1.52,SrCl2:6H2O
ANTELOPE HILLS,SrCl2:H2O,-11.91,-7.21,4.69,SrCl2:H2O
ANTELOPE HILLS,SrO,-29.48,12.12,41.6,SrO
ANTELOPE HILLS,SrSeO4,-11.12,-15.52,-4.4,SrSeO4
ANTELOPE HILLS,Starkeyite,-6.84,-7.84,-1,MgSO4:4H2O
ANTELOPE HILLS,Strontianite,2.36,2.01,-0.35,SrCO3
ANTELOPE HILLS,Sylvite,-5.21,-4.37,0.85,KCl
ANTELOPE HILLS,Syngenite,-10.93,-18.53,-7.6,K2Ca(SO4)2:H2O
ANTELOPE HILLS,Tachyhydrite,-35.63,-18.48,17.14,Mg2CaCl6:12H2O
ANTELOPE HILLS,Thenardite,-5.57,-5.93,-0.36,Na2SO4
ANTELOPE HILLS,Thermonatrite,-5.87,5.03,10.9,Na2CO3:H2O
ANTELOPE HILLS,Todorokite,-34.84,-80.67,-45.82,Mn7O12:3H2O
ANTELOPE HILLS,Trona-K,-13.64,-2.05,11.59,K2NaH(CO3)2:2H2O
ANTELOPE HILLS,Witherite,4.37,1.38,-3,BaCO3
ANTELOPE HILLS,Wustite,-5.78,6.5,12.28,Fe.947O
BELGIAN ANTICLINE,Alstonite,0.92,3.5,2.58,BaCa(CO3)2
BELGIAN ANTICLINE,Anhydrite,-2.06,-6.37,-4.3,CaSO4
BELGIAN ANTICLINE,Antarcticite,-8.45,-4.36,4.09,CaCl2:6H2O
BELGIAN ANTICLINE,Aphthitalite,-12.37,-16.25,-3.89,NaK3(SO4)2
BELGIAN ANTICLINE,Aragonite,0.91,2.95,2.03,CaCO3
BELGIAN ANTICLINE,Arcanite,-7.23,-9.13,-1.9,K2SO4
BELGIAN ANTICLINE,Arsenolite,-44.57,-64.61,-20.05,As2O3
BELGIAN ANTICLINE,Artinite,-4.76,15.18,19.94,Mg2CO3(OH)2:3H2O
BELGIAN ANTICLINE,As,-45.35,-2.01,43.34,As
BELGIAN ANTICLINE,As2O5,-33.02,-30.8,2.22,As2O5
BELGIAN ANTICLINE,As4O6(cubi),-89,-129.22,-40.23,As4O6
BELGIAN ANTICLINE,As4O6(mono),-88.78,-129.22,-40.45,As4O6
BELGIAN ANTICLINE,B,-83.02,28.05,111.07,B
BELGIAN ANTICLINE,B(g),-175.65,28.05,203.7,B
BELGIAN ANTICLINE,B2O3,-10.07,-4.49,5.59,B2O3
BELGIAN ANTICLINE,Ba,-112.77,30.41,143.18,Ba
BELGIAN ANTICLINE,Ba(OH)2:8H2O,-14.45,10.18,24.63,Ba(OH)2:8H2O
BELGIAN ANTICLINE,BaBr2,-17.88,-12.24,5.63,BaBr2
BELGIAN ANTICLINE,BaBr2:2H2O,-14.46,-12.25,2.21,BaBr2:2H2O
BELGIAN ANTICLINE,BaCl2,-8.98,-6.72,2.26,BaCl2
BELGIAN ANTICLINE,BaCl2:2H2O,-6.9,-6.73,0.17,BaCl2:2H2O
BELGIAN ANTICLINE,BaCl2:H2O,-7.54,-6.72,0.82,BaCl2:H2O
BELGIAN ANTICLINE,BaMnO4,-43.67,-53.76,-10.09,BaMnO4
BELGIAN ANTICLINE,BaO,-38.22,10.22,48.44,BaO
BELGIAN ANTICLINE,Barite,1.32,-8.75,-10.07,BaSO4
BELGIAN ANTICLINE,Barytocalcite,0.76,3.5,2.74,BaCa(CO3)2
BELGIAN ANTICLINE,BaSeO3,-5.29,-11.85,-6.56,BaSeO3
BELGIAN ANTICLINE,BaSeO4,-4.26,-11.74,-7.48,BaSeO4
BELGIAN ANTICLINE,Bassanite,-2.71,-6.37,-3.66,CaSO4:0.5H2O
BELGIAN ANTICLINE,Birnessite,-60.28,-145.83,-85.55,Mn8O14:5H2O
BELGIAN ANTICLINE,Bischofite,-8.92,-4.53,4.39,MgCl2:6H2O
BELGIAN ANTICLINE,Bixbyite,-9.08,-9.58,-0.51,Mn2O3
BELGIAN ANTICLINE,Bloedite,-9.21,-11.69,-2.48,Na2Mg(SO4)2:4H2O
BELGIAN ANTICLINE,Borax,-7.02,4.83,11.85,Na2(B4O5(OH)4):8H2O
BELGIAN ANTICLINE,Boric_acid,-2.04,-2.25,-0.2,B(OH)3
BELGIAN ANTICLINE,Br2(g),-36.64,-42.66,-6.02,Br2
BELGIAN ANTICLINE,Br2(l),-36,-42.66,-6.66,Br2
BELGIAN ANTICLINE,Brucite,-4.13,12.42,16.55,Mg(OH)2
BELGIAN ANTICLINE,Burkeite,-15.56,-6.08,9.49,Na6CO3(SO4)2
BELGIAN ANTICLINE,C,-34.34,30.74,65.08,C
BELGIAN ANTICLINE,C(g),-153.67,30.74,184.4,C
BELGIAN ANTICLINE,Ca,-108.99,32.8,141.79,Ca
BELGIAN ANTICLINE,Ca(g),-134.65,32.8,167.45,Ca
BELGIAN ANTICLINE,Ca2Cl2(OH)2:H2O,-18.03,8.26,26.29,Ca2Cl2(OH)2:H2O
BELGIAN ANTICLINE,Ca3(AsO4)2,-11.14,7.01,18.16,Ca3(AsO4)2
BELGIAN ANTICLINE,Ca4Cl2(OH)6:13H2O,-34.91,33.42,68.33,Ca4Cl2(OH)6:13H2O
BELGIAN ANTICLINE,Calcite,1.06,2.95,1.89,CaCO3
BELGIAN ANTICLINE,Carnallite,-12.35,-8.08,4.27,KMgCl3:6H2O
BELGIAN ANTICLINE,CaSeO3:2H2O,-4.87,-9.47,-4.6,CaSeO3:2H2O
BELGIAN ANTICLINE,CaSeO4,-6.26,-9.35,-3.09,CaSeO4
BELGIAN ANTICLINE,CaSO4:0.5H2O(beta),-2.88,-6.37,-3.48,CaSO4:0.5H2O
BELGIAN ANTICLINE,Celestite,-2.56,-8.27,-5.71,SrSO4
BELGIAN ANTICLINE,Chloromagnesite,-26.7,-4.51,22.2,MgCl2
BELGIAN ANTICLINE,Cl2(g),-40.26,-37.13,3.12,Cl2
BELGIAN ANTICLINE,Claudetite,-44.62,-64.61,-19.99,As2O3
BELGIAN ANTICLINE,CO2(g),-1.86,-9.66,-7.8,CO2
BELGIAN ANTICLINE,Colemanite,-9.78,11.73,21.51,Ca2B6O11:5H2O
BELGIAN ANTICLINE,Dolomite,3.1,5.72,2.62,CaMg(CO3)2
BELGIAN ANTICLINE,Dolomite-dis,1.53,5.72,4.19,CaMg(CO3)2
BELGIAN ANTICLINE,Dolomite-ord,3.11,5.72,2.61,CaMg(CO3)2
BELGIAN ANTICLINE,Downeyite,-15.27,-22.06,-6.79,SeO2
BELGIAN ANTICLINE,Epsomite,-4.61,-6.57,-1.96,MgSO4:7H2O
BELGIAN ANTICLINE,Fe,-31.81,28.09,59.9,Fe
BELGIAN ANTICLINE,Fe(OH)2,-6.23,7.89,14.12,Fe(OH)2
BELGIAN ANTICLINE,Fe(OH)3,0.66,6.5,5.84,Fe(OH)3
BELGIAN ANTICLINE,Fe2(SO4)3,-47.55,-43.9,3.65,Fe2(SO4)3
BELGIAN ANTICLINE,FeO,-5.88,7.89,13.78,FeO
BELGIAN ANTICLINE,Ferrite-Ca,3.49,25.62,22.13,CaFe2O4
BELGIAN ANTICLINE,Ferrite-Dicalcium,-19.71,38.22,57.93,Ca2Fe2O5
BELGIAN ANTICLINE,Ferrite-Mg,3.75,25.44,21.69,MgFe2O4
BELGIAN ANTICLINE,Ferroselite,-67.84,-149.43,-81.59,FeSe2
BELGIAN ANTICLINE,FeSO4,-13.86,-11.08,2.78,FeSO4
BELGIAN ANTICLINE,Gaylussite,-4.05,7.11,11.16,CaNa2(CO3)2:5H2O
BELGIAN ANTICLINE,Glauberite,-6.03,-11.5,-5.47,Na2Ca(SO4)2
BELGIAN ANTICLINE,Goethite,5.83,6.5,0.68,FeOOH
BELGIAN ANTICLINE,Gypsum,-1.85,-6.37,-4.53,CaSO4:2H2O
BELGIAN ANTICLINE,H2(g),-23.47,-26.56,-3.09,H2
BELGIAN ANTICLINE,H2O(g),-1.69,0,1.69,H2O
BELGIAN ANTICLINE,Halite,-3.1,-1.55,1.55,NaCl
BELGIAN ANTICLINE,Hausmannite,-11.14,-0.36,10.79,Mn3O4
BELGIAN ANTICLINE,HBr(g),-20.31,-11.23,9.08,HBr
BELGIAN ANTICLINE,HCl(g),-14.95,-8.47,6.48,HCl
BELGIAN ANTICLINE,Hematite,12.63,13.01,0.38,Fe2O3
BELGIAN ANTICLINE,Hexahydrite,-4.84,-6.57,-1.73,MgSO4:6H2O
BELGIAN ANTICLINE,Huntite,0.62,11.25,10.63,CaMg3(CO3)4
BELGIAN ANTICLINE,Hydroboracite,-8.81,11.55,20.36,MgCaB6O11:6H2O
BELGIAN ANTICLINE,Hydromagnesite,-7.98,23.48,31.46,Mg5(CO3)4(OH)2:4H2O
BELGIAN ANTICLINE,Hydrophilite,-16.27,-4.33,11.94,CaCl2
BELGIAN ANTICLINE,Ice,-0.13,0,0.12,H2O
BELGIAN ANTICLINE,Jarosite,-4.55,-13.51,-8.96,KFe3(SO4)2(OH)6
BELGIAN ANTICLINE,Jarosite-Na,-6.07,-11.52,-5.45,NaFe3(SO4)2(OH)6
BELGIAN ANTICLINE,K,-56.89,15.02,71.91,K
BELGIAN ANTICLINE,K(g),-67.7,15.02,82.72,K
BELGIAN ANTICLINE,K2CO3:1.5H2O,-13.2,0.18,13.38,K2CO3:1.5H2O
BELGIAN ANTICLINE,K2O,-75.21,9.84,85.05,K2O
BELGIAN ANTICLINE,K2Se,-74.49,-63.07,11.42,K2Se
BELGIAN ANTICLINE,K3H(SO4)2,-19.55,-23.18,-3.62,K3H(SO4)2
BELGIAN ANTICLINE,K8H4(CO3)6:3H2O,-46.3,-18.59,27.71,K8H4(CO3)6:3H2O
BELGIAN ANTICLINE,Kainite,-9.79,-10.1,-0.31,KMgClSO4:3H2O
BELGIAN ANTICLINE,Kalicinite,-5.02,-4.74,0.28,KHCO3
BELGIAN ANTICLINE,KBr,-7.31,-6.31,1,KBr
BELGIAN ANTICLINE,Kieserite,-6.28,-6.55,-0.27,MgSO4:H2O
BELGIAN ANTICLINE,KMgCl3,-29.61,-8.05,21.56,KMgCl3
BELGIAN ANTICLINE,KMgCl3:2H2O,-22.21,-8.06,14.14,KMgCl3:2H2O
BELGIAN ANTICLINE,KNaCO3:6H2O,-8.1,2.16,10.26,KNaCO3:6H2O
BELGIAN ANTICLINE,Lansfordite,-2.09,2.75,4.84,MgCO3:5H2O
BELGIAN ANTICLINE,Lawrencite,-18.3,-9.04,9.26,FeCl2
BELGIAN ANTICLINE,Leonite,-11.57,-15.69,-4.11,K2Mg(SO4)2:4H2O
BELGIAN ANTICLINE,Li,-59.53,14.23,73.76,Li
BELGIAN ANTICLINE,Li(g),-82.09,14.23,96.32,Li
BELGIAN ANTICLINE,Li2Se,-57.57,46.79,104.35,Li2Se
BELGIAN ANTICLINE,Lime,-20.43,12.6,33.03,CaO
BELGIAN ANTICLINE,Magnesite,0.39,2.77,2.38,MgCO3
BELGIAN ANTICLINE,Magnetite,9.97,20.9,10.94,Fe3O4
BELGIAN ANTICLINE,Manganite,-4.63,-4.79,-0.16,MnO(OH)
BELGIAN ANTICLINE,Manganosite,-8.98,9.23,18.21,MnO
BELGIAN ANTICLINE,Melanterite,-8.68,-11.11,-2.42,FeSO4:7H2O
BELGIAN ANTICLINE,Mercallite,-12.61,-14.05,-1.44,KHSO4
BELGIAN ANTICLINE,Mg,-91.67,32.62,124.3,Mg
BELGIAN ANTICLINE,Mg(g),-111.75,32.62,144.37,Mg
BELGIAN ANTICLINE,Mg1.25SO4(OH)0.5:0.5H2O,-8.87,-3.44,5.43,Mg1.25SO4(OH)0.5:0.5H2O
BELGIAN ANTICLINE,Mg1.5SO4(OH),-9.84,-0.33,9.51,Mg1.5SO4(OH)
BELGIAN ANTICLINE,MgBr2,-38.98,-10.03,28.94,MgBr2
BELGIAN ANTICLINE,MgBr2:6H2O,-15.24,-10.06,5.19,MgBr2:6H2O
BELGIAN ANTICLINE,MgCl2:2H2O,-17.47,-4.52,12.95,MgCl2:2H2O
BELGIAN ANTICLINE,MgCl2:4H2O,-11.94,-4.52,7.41,MgCl2:4H2O
BELGIAN ANTICLINE,MgCl2:H2O,-20.87,-4.51,16.36,MgCl2:H2O
BELGIAN ANTICLINE,MgOHCl,-12.22,3.96,16.18,MgOHCl
BELGIAN ANTICLINE,MgSeO3,-11.49,-9.64,1.85,MgSeO3
BELGIAN ANTICLINE,MgSeO3:6H2O,-6.2,-9.66,-3.46,MgSeO3:6H2O
BELGIAN ANTICLINE,MgSO4,-11.59,-6.54,5.05,MgSO4
BELGIAN ANTICLINE,Mirabilite,-3.83,-5.17,-1.34,Na2SO4:10H2O
BELGIAN ANTICLINE,Misenite,-82.35,-93.43,-11.08,K8H6(SO4)7
BELGIAN ANTICLINE,Mn,-54.7,29.42,84.13,Mn
BELGIAN ANTICLINE,Mn(OH)2(am),-6.32,9.22,15.54,Mn(OH)2
BELGIAN ANTICLINE,Mn(OH)3,-11.14,-4.8,6.34,Mn(OH)3
BELGIAN ANTICLINE,MnCl2:2H2O,-11.8,-7.72,4.08,MnCl2:2H2O
BELGIAN ANTICLINE,MnCl2:4H2O,-10.5,-7.73,2.78,MnCl2:4H2O
BELGIAN ANTICLINE,MnCl2:H2O,-13.38,-7.71,5.66,MnCl2:H2O
BELGIAN ANTICLINE,MnO2(gamma),-11.25,-27.38,-16.13,MnO2
BELGIAN ANTICLINE,MnSe,-53,-63.69,-10.69,MnSe
BELGIAN ANTICLINE,MnSeO3,-5.57,-12.84,-7.27,MnSeO3
BELGIAN ANTICLINE,MnSeO3:2H2O,-6.48,-12.84,-6.37,MnSeO3:2H2O
BELGIAN ANTICLINE,MnSO4,-12.51,-9.74,2.76,MnSO4
BELGIAN ANTICLINE,Molysite,-32.73,-18.9,13.83,FeCl3
BELGIAN ANTICLINE,Monohydrocalcite,0.22,2.94,2.73,CaCO3:H2O
BELGIAN ANTICLINE,Na,-51.26,17.02,68.28,Na
BELGIAN ANTICLINE,Na(g),-65,17.02,82.02,Na
BELGIAN ANTICLINE,Na2CO3,-7.08,4.18,11.26,Na2CO3
BELGIAN ANTICLINE,Na2CO3:7H2O,-5.72,4.16,9.88,Na2CO3:7H2O
BELGIAN ANTICLINE,Na2O,-54.42,13.84,68.26,Na2O
BELGIAN ANTICLINE,Na2Se,-71.08,-59.08,12,Na2Se
BELGIAN ANTICLINE,Na2Se2,-90.09,-152.2,-62.11,Na2Se2
BELGIAN ANTICLINE,Na3H(SO4)2,-16.29,-17.18,-0.89,Na3H(SO4)2
BELGIAN ANTICLINE,Na4Ca(SO4)3:2H2O,-10.74,-16.63,-5.89,Na4Ca(SO4)3:2H2O
BELGIAN ANTICLINE,NaBr,-7.26,-4.31,2.95,NaBr
BELGIAN ANTICLINE,NaBr:2H2O,-6.37,-4.32,2.05,NaBr:2H2O
BELGIAN ANTICLINE,NaFeO2,-6.85,13.43,20.27,NaFeO2
BELGIAN ANTICLINE,Nahcolite,-2.56,-2.74,-0.18,NaHCO3
BELGIAN ANTICLINE,Natron,-5.33,4.14,9.47,Na2CO3:10H2O
BELGIAN ANTICLINE,Nesquehonite,-2.65,2.76,5.4,MgCO3:3H2O
BELGIAN ANTICLINE,Niter,-5.59,-5.89,-0.31,KNO3
BELGIAN ANTICLINE,Nitrobarite,-8.83,-11.42,-2.59,Ba(NO3)2
BELGIAN ANTICLINE,NO2(g),-9.28,-0.72,8.56,NO2
BELGIAN ANTICLINE,O2(g),-37.53,-40.39,-2.86,O2
BELGIAN ANTICLINE,Oxychloride-Mg,-9.47,16.36,25.83,Mg2Cl(OH)3:4H2O
BELGIAN ANTICLINE,Pentahydrite,-5.18,-6.56,-1.39,MgSO4:5H2O
BELGIAN ANTICLINE,Periclase,-9.26,12.43,21.68,MgO
BELGIAN ANTICLINE,Picromerite,-11.25,-15.69,-4.44,K2Mg(SO4)2:6H2O
BELGIAN ANTICLINE,Pirssonite,-4.2,7.12,11.32,Na2Ca(CO3)2:2H2O
BELGIAN ANTICLINE,Polyhalite,-14.1,-28.41,-14.31,K2MgCa2(SO4)4:2H2O
BELGIAN ANTICLINE,Portlandite,-10.25,12.6,22.85,Ca(OH)2
BELGIAN ANTICLINE,Pyrolusite,-9.52,-27.38,-17.86,MnO2
BELGIAN ANTICLINE,Rhodochrosite,-0.27,-0.43,-0.17,MnCO3
BELGIAN ANTICLINE,Scacchite,-16.63,-7.71,8.92,MnCl2
BELGIAN ANTICLINE,Se,-8.27,18.33,26.6,Se
BELGIAN ANTICLINE,Se2O5,-53.8,-44.02,9.78,Se2O5
BELGIAN ANTICLINE,SeCl4,-70.58,-55.93,14.65,SeCl4
BELGIAN ANTICLINE,SeO3,-41.46,-21.96,19.51,SeO3
BELGIAN ANTICLINE,Siderite,-1.63,-1.77,-0.14,FeCO3
BELGIAN ANTICLINE,Sr,-112.85,30.9,143.75,Sr
BELGIAN ANTICLINE,Sr(NO3)2,-12.04,-10.93,1.1,Sr(NO3)2
BELGIAN ANTICLINE,Sr(NO3)2:4H2O,-11.52,-10.95,0.57,Sr(NO3)2:4H2O
BELGIAN ANTICLINE,Sr(OH)2,-17.19,10.7,27.89,Sr(OH)2
BELGIAN ANTICLINE,Sr3(AsO4)2,-19.67,1.3,20.97,Sr3(AsO4)2
BELGIAN ANTICLINE,SrBr2,-25.01,-11.76,13.25,SrBr2
BELGIAN ANTICLINE,SrBr2:6H2O,-15.36,-11.78,3.58,SrBr2:6H2O
BELGIAN ANTICLINE,SrBr2:H2O,-21.44,-11.76,9.67,SrBr2:H2O
BELGIAN ANTICLINE,SrCl2,-14.27,-6.24,8.03,SrCl2
BELGIAN ANTICLINE,SrCl2:2H2O,-9.58,-6.24,3.33,SrCl2:2H2O
BELGIAN ANTICLINE,SrCl2:6H2O,-7.69,-6.26,1.43,SrCl2:6H2O
BELGIAN ANTICLINE,SrCl2:H2O,-11.06,-6.24,4.82,SrCl2:H2O
BELGIAN ANTICLINE,SrO,-31.76,10.7,42.46,SrO
BELGIAN ANTICLINE,SrSeO4,-6.86,-11.26,-4.4,SrSeO4
BELGIAN ANTICLINE,Starkeyite,-5.56,-6.56,-1,MgSO4:4H2O
BELGIAN ANTICLINE,Strontianite,1.36,1.04,-0.32,SrCO3
BELGIAN ANTICLINE,Sylvite,-4.33,-3.55,0.79,KCl
BELGIAN ANTICLINE,Syngenite,-7.9,-15.5,-7.6,K2Ca(SO4)2:H2O
BELGIAN ANTICLINE,Tachyhydrite,-30.54,-13.4,17.14,Mg2CaCl6:12H2O
BELGIAN ANTICLINE,Thenardite,-4.78,-5.13,-0.35,Na2SO4
BELGIAN ANTICLINE,Thermonatrite,-6.83,4.18,11,Na2CO3:H2O
BELGIAN ANTICLINE,Todorokite,-46.92,-92.74,-45.82,Mn7O12:3H2O
BELGIAN ANTICLINE,Trona-K,-14.15,-2.56,11.59,K2NaH(CO3)2:2H2O
BELGIAN ANTICLINE,Witherite,3.61,0.56,-3.05,BaCO3
BELGIAN ANTICLINE,Wustite,-5.32,7.33,12.65,Fe.947O
COALINGA,Alstonite,-0.49,2.1,2.58,BaCa(CO3)2
COALINGA,Anhydrite,-1.83,-6.13,-4.3,CaSO4
COALINGA,Antarcticite,-10.45,-6.36,4.09,CaCl2:6H2O
COALINGA,Aphthitalite,-11.91,-15.8,-3.89,NaK3(SO4)2
COALINGA,Aragonite,0.38,2.42,2.03,CaCO3
COALINGA,Arcanite,-6.88,-8.78,-1.9,K2SO4
COALINGA,Arsenolite,-34.75,-54.79,-20.05,As2O3
COALINGA,Artinite,-5.01,14.93,19.94,Mg2CO3(OH)2:3H2O
COALINGA,As,-40.95,2.4,43.34,As
COALINGA,As2O5,-34.77,-32.55,2.22,As2O5
COALINGA,As4O6(cubi),-69.36,-109.58,-40.23,As4O6
COALINGA,As4O6(mono),-69.14,-109.58,-40.45,As4O6
COALINGA,B,-83.57,27.51,111.07,B
COALINGA,B(g),-176.2,27.51,203.7,B
COALINGA,B2O3,-10.16,-4.57,5.59,B2O3
COALINGA,Ba,-113.78,29.39,143.18,Ba
COALINGA,Ba(OH)2:8H2O,-15.1,9.52,24.63,Ba(OH)2:8H2O
COALINGA,BaBr2,-19.97,-14.34,5.63,BaBr2
COALINGA,BaBr2:2H2O,-16.55,-14.34,2.21,BaBr2:2H2O
COALINGA,BaCl2,-11.35,-9.09,2.26,BaCl2
COALINGA,BaCl2:2H2O,-9.26,-9.09,0.17,BaCl2:2H2O
COALINGA,BaCl2:H2O,-9.91,-9.09,0.82,BaCl2:H2O
COALINGA,BaMnO4,-43.51,-53.6,-10.09,BaMnO4
COALINGA,BaO,-38.91,9.53,48.44,BaO
COALINGA,Barite,1.2,-8.87,-10.07,BaSO4
COALINGA,Barytocalcite,-0.64,2.1,2.74,BaCa(CO3)2
COALINGA,BaSeO3,-6.66,-13.22,-6.56,BaSeO3
COALINGA,BaSeO4,-11.42,-18.9,-7.48,BaSeO4
COALINGA,Bassanite,-2.47,-6.13,-3.66,CaSO4:0.5H2O
COALINGA,Birnessite,-56.89,-142.44,-85.55,Mn8O14:5H2O
COALINGA,Bischofite,-10.63,-6.23,4.39,MgCl2:6H2O
COALINGA,Bixbyite,-8.4,-8.91,-0.51,Mn2O3
COALINGA,Bloedite,-8.8,-11.27,-2.48,Na2Mg(SO4)2:4H2O
COALINGA,Borax,-7.85,4,11.85,Na2(B4O5(OH)4):8H2O
COALINGA,Boric_acid,-2.08,-2.29,-0.2,B(OH)3
COALINGA,Br2(g),-37.71,-43.73,-6.02,Br2
COALINGA,Br2(l),-37.07,-43.73,-6.66,Br2
COALINGA,Brucite,-4.16,12.39,16.55,Mg(OH)2
COALINGA,Burkeite,-16.71,-7.23,9.49,Na6CO3(SO4)2
COALINGA,C,-35.21,29.87,65.08,C
COALINGA,C(g),-154.54,29.87,184.4,C
COALINGA,Ca,-109.66,32.13,141.79,Ca
COALINGA,Ca(g),-135.32,32.13,167.45,Ca
COALINGA,Ca2Cl2(OH)2:H2O,-20.37,5.92,26.29,Ca2Cl2(OH)2:H2O
COALINGA,Ca3(AsO4)2,-13.9,4.26,18.16,Ca3(AsO4)2
COALINGA,Ca4Cl2(OH)6:13H2O,-37.89,30.44,68.33,Ca4Cl2(OH)6:13H2O
COALINGA,Calcite,0.53,2.42,1.89,CaCO3
COALINGA,Carnallite,-15,-10.73,4.27,KMgCl3:6H2O
COALINGA,CaSeO3:2H2O,-5.89,-10.49,-4.6,CaSeO3:2H2O
COALINGA,CaSeO4,-13.08,-16.17,-3.09,CaSeO4
COALINGA,CaSO4:0.5H2O(beta),-2.65,-6.13,-3.48,CaSO4:0.5H2O
COALINGA,Celestite,-2.18,-7.89,-5.71,SrSO4
COALINGA,Chloromagnesite,-28.42,-6.23,22.2,MgCl2
COALINGA,Cl2(g),-41.6,-38.48,3.12,Cl2
COALINGA,Claudetite,-34.8,-54.79,-19.99,As2O3
COALINGA,CO2(g),-2.05,-9.85,-7.8,CO2
COALINGA,Colemanite,-10.69,10.83,21.51,Ca2B6O11:5H2O
COALINGA,Dolomite,2.34,4.96,2.62,CaMg(CO3)2
COALINGA,Dolomite-dis,0.77,4.96,4.19,CaMg(CO3)2
COALINGA,Dolomite-ord,2.35,4.96,2.61,CaMg(CO3)2
COALINGA,Downeyite,-15.96,-22.75,-6.79,SeO2
COALINGA,Epsomite,-4.06,-6.02,-1.96,MgSO4:7H2O
COALINGA,Fe,-32.59,27.32,59.9,Fe
COALINGA,Fe(OH)2,-6.67,7.46,14.12,Fe(OH)2
COALINGA,Fe(OH)3,0.4,6.24,5.84,Fe(OH)3
COALINGA,Fe2(SO4)3,-46.38,-42.73,3.65,Fe2(SO4)3
COALINGA,FeO,-6.32,7.46,13.78,FeO
COALINGA,Ferrite-Ca,2.62,24.75,22.13,CaFe2O4
COALINGA,Ferrite-Dicalcium,-20.92,37.02,57.93,Ca2Fe2O5
COALINGA,Ferrite-Mg,3.18,24.87,21.69,MgFe2O4
COALINGA,Ferroselite,-34.6,-116.2,-81.59,FeSe2
COALINGA,FeSO4,-13.73,-10.95,2.78,FeSO4
COALINGA,Gaylussite,-5.46,5.7,11.16,CaNa2(CO3)2:5H2O
COALINGA,Glauberite,-5.92,-11.39,-5.47,Na2Ca(SO4)2
COALINGA,Goethite,5.56,6.24,0.68,FeOOH
COALINGA,Gypsum,-1.61,-6.14,-4.53,CaSO4:2H2O
COALINGA,H2(g),-23.8,-26.89,-3.09,H2
COALINGA,H2O(g),-1.69,0,1.69,H2O
COALINGA,Halite,-4.29,-2.74,1.55,NaCl
COALINGA,Hausmannite,-10.3,0.48,10.79,Mn3O4
COALINGA,HBr(g),-21.02,-11.94,9.08,HBr
COALINGA,HCl(g),-15.79,-9.31,6.48,HCl
COALINGA,Hematite,12.09,12.48,0.38,Fe2O3
COALINGA,Hexahydrite,-4.29,-6.02,-1.73,MgSO4:6H2O
COALINGA,Huntite,-0.59,10.04,10.63,CaMg3(CO3)4
COALINGA,Hydroboracite,-9.41,10.95,20.36,MgCaB6O11:6H2O
COALINGA,Hydromagnesite,-8.91,22.55,31.46,Mg5(CO3)4(OH)2:4H2O
COALINGA,Hydrophilite,-18.29,-6.35,11.94,CaCl2
COALINGA,Ice,-0.12,0,0.12,H2O
COALINGA,Jarosite,-4.32,-13.28,-8.96,KFe3(SO4)2(OH)6
COALINGA,Jarosite-Na,-6.08,-11.52,-5.45,NaFe3(SO4)2(OH)6
COALINGA,K,-57.17,14.74,71.91,K
COALINGA,K(g),-67.98,14.74,82.72,K
COALINGA,K2CO3:1.5H2O,-13.61,-0.23,13.38,K2CO3:1.5H2O
COALINGA,K2O,-75.43,9.63,85.05,K2O
COALINGA,K2Se,-58.05,-46.63,11.42,K2Se
COALINGA,K3H(SO4)2,-18.75,-22.37,-3.62,K3H(SO4)2
COALINGA,K8H4(CO3)6:3H2O,-48.33,-20.62,27.71,K8H4(CO3)6:3H2O
COALINGA,Kainite,-10.2,-10.51,-0.31,KMgClSO4:3H2O
COALINGA,Kalicinite,-5.32,-5.04,0.28,KHCO3
COALINGA,KBr,-8.13,-7.12,1,KBr
COALINGA,Kieserite,-5.74,-6.01,-0.27,MgSO4:H2O
COALINGA,KMgCl3,-32.28,-10.72,21.56,KMgCl3
COALINGA,KMgCl3:2H2O,-24.87,-10.73,14.14,KMgCl3:2H2O
COALINGA,KNaCO3:6H2O,-8.73,1.53,10.26,KNaCO3:6H2O
COALINGA,Lansfordite,-2.3,2.54,4.84,MgCO3:5H2O
COALINGA,Lawrencite,-20.42,-11.16,9.26,FeCl2
COALINGA,Leonite,-10.68,-14.79,-4.11,K2Mg(SO4)2:4H2O
COALINGA,Li,-60.03,13.73,73.76,Li
COALINGA,Li(g),-82.59,13.73,96.32,Li
COALINGA,Li2Se,-59.93,44.42,104.35,Li2Se
COALINGA,Lime,-20.76,12.27,33.03,CaO
COALINGA,Magnesite,0.16,2.54,2.38,MgCO3
COALINGA,Magnetite,9,19.93,10.94,Fe3O4
COALINGA,Manganite,-4.29,-4.46,-0.16,MnO(OH)
COALINGA,Manganosite,-8.81,9.39,18.21,MnO
COALINGA,Melanterite,-8.53,-10.95,-2.42,FeSO4:7H2O
COALINGA,Mercallite,-12.15,-13.59,-1.44,KHSO4
COALINGA,Mg,-92.04,32.25,124.3,Mg
COALINGA,Mg(g),-112.12,32.25,144.37,Mg
COALINGA,Mg1.25SO4(OH)0.5:0.5H2O,-8.34,-2.91,5.43,Mg1.25SO4(OH)0.5:0.5H2O
COALINGA,Mg1.5SO4(OH),-9.32,0.19,9.51,Mg1.5SO4(OH)
COALINGA,MgBr2,-40.42,-11.48,28.94,MgBr2
COALINGA,MgBr2:6H2O,-16.67,-11.48,5.19,MgBr2:6H2O
COALINGA,MgCl2:2H2O,-19.18,-6.23,12.95,MgCl2:2H2O
COALINGA,MgCl2:4H2O,-13.64,-6.23,7.41,MgCl2:4H2O
COALINGA,MgCl2:H2O,-22.59,-6.23,16.36,MgCl2:H2O
COALINGA,MgOHCl,-13.09,3.08,16.18,MgOHCl
COALINGA,MgSeO3,-12.21,-10.36,1.85,MgSeO3
COALINGA,MgSeO3:6H2O,-6.91,-10.37,-3.46,MgSeO3:6H2O
COALINGA,MgSO4,-11.06,-6.01,5.05,MgSO4
COALINGA,Mirabilite,-3.93,-5.27,-1.34,Na2SO4:10H2O
COALINGA,Misenite,-79.25,-90.33,-11.08,K8H6(SO4)7
COALINGA,Mn,-54.87,29.26,84.13,Mn
COALINGA,Mn(OH)2(am),-6.15,9.39,15.54,Mn(OH)2
COALINGA,Mn(OH)3,-10.8,-4.46,6.34,Mn(OH)3
COALINGA,MnCl2:2H2O,-13.31,-9.23,4.08,MnCl2:2H2O
COALINGA,MnCl2:4H2O,-12.01,-9.23,2.78,MnCl2:4H2O
COALINGA,MnCl2:H2O,-14.89,-9.23,5.66,MnCl2:H2O
COALINGA,MnO2(gamma),-10.74,-26.87,-16.13,MnO2
COALINGA,MnSe,-36.16,-46.86,-10.69,MnSe
COALINGA,MnSeO3,-6.09,-13.36,-7.27,MnSeO3
COALINGA,MnSeO3:2H2O,-6.99,-13.36,-6.37,MnSeO3:2H2O
COALINGA,MnSO4,-11.77,-9.01,2.76,MnSO4
COALINGA,Molysite,-35.53,-21.69,13.83,FeCl3
COALINGA,Monohydrocalcite,-0.31,2.42,2.73,CaCO3:H2O
COALINGA,Na,-51.77,16.5,68.28,Na
COALINGA,Na(g),-65.52,16.5,82.02,Na
COALINGA,Na2CO3,-7.97,3.29,11.26,Na2CO3
COALINGA,Na2CO3:7H2O,-6.59,3.28,9.88,Na2CO3:7H2O
COALINGA,Na2O,-55.11,13.14,68.26,Na2O
COALINGA,Na2Se,-55.11,-43.11,12,Na2Se
COALINGA,Na2Se2,-57.11,-119.22,-62.11,Na2Se2
COALINGA,Na3H(SO4)2,-16.2,-17.09,-0.89,Na3H(SO4)2
COALINGA,Na4Ca(SO4)3:2H2O,-10.76,-16.65,-5.89,Na4Ca(SO4)3:2H2O
COALINGA,NaBr,-8.32,-5.36,2.95,NaBr
COALINGA,NaBr:2H2O,-7.42,-5.37,2.05,NaBr:2H2O
COALINGA,NaFeO2,-7.46,12.81,20.27,NaFeO2
COALINGA,Nahcolite,-3.1,-3.28,-0.18,NaHCO3
COALINGA,Natron,-6.19,3.28,9.47,Na2CO3:10H2O
COALINGA,Nesquehonite,-2.87,2.54,5.4,MgCO3:3H2O
COALINGA,NH3(g),-6.29,-4.41,1.88,NH3
COALINGA,NH4HSe,-38.33,-60.67,-22.33,NH4HSe
COALINGA,Niter,-6.34,-6.65,-0.31,KNO3
COALINGA,Nitrobarite,-10.8,-13.39,-2.59,Ba(NO3)2
COALINGA,NO2(g),-10.09,-1.53,8.56,NO2
COALINGA,O2(g),-36.86,-39.72,-2.86,O2
COALINGA,Oxychloride-Mg,-10.36,15.47,25.83,Mg2Cl(OH)3:4H2O
COALINGA,Pentahydrite,-4.63,-6.02,-1.39,MgSO4:5H2O
COALINGA,Periclase,-9.29,12.39,21.68,MgO
COALINGA,Picromerite,-10.36,-14.8,-4.44,K2Mg(SO4)2:6H2O
COALINGA,Pirssonite,-5.62,5.71,11.32,Na2Ca(CO3)2:2H2O
COALINGA,Polyhalite,-12.75,-27.06,-14.31,K2MgCa2(SO4)4:2H2O
COALINGA,Portlandite,-10.59,12.27,22.85,Ca(OH)2
COALINGA,Pyrolusite,-9.01,-26.87,-17.86,MnO2
COALINGA,Rhodochrosite,-0.29,-0.46,-0.17,MnCO3
COALINGA,Scacchite,-18.14,-9.23,8.92,MnCl2
COALINGA,Se,-9.63,16.97,26.6,Se
COALINGA,Se2O5,-60.97,-51.19,9.78,Se2O5
COALINGA,SeCl4,-74.64,-60,14.65,SeCl4
COALINGA,SeO3,-47.94,-28.43,19.51,SeO3
COALINGA,Siderite,-2.26,-2.4,-0.14,FeCO3
COALINGA,Sr,-113.38,30.37,143.75,Sr
COALINGA,Sr(NO3)2,-13.52,-12.41,1.1,Sr(NO3)2
COALINGA,Sr(NO3)2:4H2O,-12.99,-12.42,0.57,Sr(NO3)2:4H2O
COALINGA,Sr(OH)2,-17.37,10.51,27.89,Sr(OH)2
COALINGA,Sr3(AsO4)2,-21.98,-1.01,20.97,Sr3(AsO4)2
COALINGA,SrBr2,-26.6,-13.36,13.25,SrBr2
COALINGA,SrBr2:6H2O,-16.94,-13.36,3.58,SrBr2:6H2O
COALINGA,SrBr2:H2O,-23.03,-13.36,9.67,SrBr2:H2O
COALINGA,SrCl2,-16.14,-8.11,8.03,SrCl2
COALINGA,SrCl2:2H2O,-11.44,-8.11,3.33,SrCl2:2H2O
COALINGA,SrCl2:6H2O,-9.55,-8.11,1.43,SrCl2:6H2O
COALINGA,SrCl2:H2O,-12.92,-8.11,4.82,SrCl2:H2O
COALINGA,SrO,-31.95,10.51,42.46,SrO
COALINGA,SrSeO4,-13.52,-17.92,-4.4,SrSeO4
COALINGA,Starkeyite,-5.01,-6.01,-1,MgSO4:4H2O
COALINGA,Strontianite,0.98,0.66,-0.32,SrCO3
COALINGA,Sylvite,-5.28,-4.5,0.79,KCl
COALINGA,Syngenite,-7.31,-14.91,-7.6,K2Ca(SO4)2:H2O
COALINGA,Tachyhydrite,-35.96,-18.82,17.14,Mg2CaCl6:12H2O
COALINGA,Thenardite,-4.91,-5.26,-0.35,Na2SO4
COALINGA,Thermonatrite,-7.71,3.29,11,Na2CO3:H2O
COALINGA,Todorokite,-44.05,-89.87,-45.82,Mn7O12:3H2O
COALINGA,Trona-K,-15.1,-3.51,11.59,K2NaH(CO3)2:2H2O
COALINGA,Witherite,2.73,-0.32,-3.05,BaCO3
COALINGA,Wustite,-5.72,6.93,12.65,Fe.947O
EDISON,Alstonite,-0.28,2.3,2.58,BaCa(CO3)2
EDISON,Anhydrite,-3.67,-8.02,-4.35,CaSO4
EDISON,Antarcticite,-9.64,-5.55,4.09,CaCl2:6H2O
EDISON,Aphthitalite,-18.26,-22.14,-3.89,NaK3(SO4)2
EDISON,Aragonite,0.5,2.47,1.97,CaCO3
EDISON,Arcanite,-10.26,-12.1,-1.84,K2SO4
EDISON,Arsenolite,-44.1,-63.95,-19.84,As2O3
EDISON,Artinite,-6.06,13.57,19.63,Mg2CO3(OH)2:3H2O
EDISON,As,-44.71,-2.02,42.68,As
EDISON,As2O5,-32.41,-30.28,2.14,As2O5
EDISON,As4O6(cubi),-88.07,-127.89,-39.82,As4O6
EDISON,As4O6(mono),-87.84,-127.89,-40.05,As4O6
EDISON,B,-82.54,27.02,109.56,B
EDISON,B(g),-173.82,27.02,200.84,B
EDISON,B2O3,-11.4,-5.86,5.55,B2O3
EDISON,Ba,-111.66,29.57,141.23,Ba
EDISON,Ba(OH)2:8H2O,-14.9,9.59,24.49,Ba(OH)2:8H2O
EDISON,BaCl2,-10.41,-8.18,2.23,BaCl2
EDISON,BaCl2:2H2O,-8.39,-8.18,0.21,BaCl2:2H2O
EDISON,BaCl2:H2O,-9,-8.18,0.82,BaCl2:H2O
EDISON,BaMnO4,-43.68,-53.77,-10.09,BaMnO4
EDISON,BaO,-38.19,9.6,47.8,BaO
EDISON,Barite,-0.64,-10.65,-10.01,BaSO4
EDISON,Barytocalcite,-0.44,2.3,2.74,BaCa(CO3)2
EDISON,BaSeO3,-6.16,-12.73,-6.57,BaSeO3
EDISON,BaSeO4,-4.99,-12.45,-7.46,BaSeO4
EDISON,Bassanite,-4.31,-8.02,-3.71,CaSO4:0.5H2O
EDISON,Birnessite,-59.51,-145.05,-85.55,Mn8O14:5H2O
EDISON,Bischofite,-10.51,-6.11,4.39,MgCl2:6H2O
EDISON,Bixbyite,-9.13,-10.09,-0.96,Mn2O3
EDISON,Bloedite,-14.1,-16.58,-2.48,Na2Mg(SO4)2:4H2O
EDISON,Borax,-11.49,0.55,12.04,Na2(B4O5(OH)4):8H2O
EDISON,Boric_acid,-2.77,-2.93,-0.16,B(OH)3
EDISON,Brucite,-4.61,11.67,16.28,Mg(OH)2
EDISON,Burkeite,-22.96,-13.47,9.49,Na6CO3(SO4)2
EDISON,C,-33.98,30.16,64.15,C
EDISON,C(g),-151.6,30.16,181.77,C
EDISON,Ca,-107.63,32.2,139.83,Ca
EDISON,Ca(g),-132.87,32.2,165.07,Ca
EDISON,Ca2Cl2(OH)2:H2O,-19.6,6.69,26.29,Ca2Cl2(OH)2:H2O
EDISON,Ca3(AsO4)2,-11.36,6.44,17.8,Ca3(AsO4)2
EDISON,Ca4Cl2(OH)6:13H2O,-37.17,31.16,68.33,Ca4Cl2(OH)6:13H2O
EDISON,Calcite,0.64,2.47,1.82,CaCO3
EDISON,Carnallite,-15.2,-10.93,4.27,KMgCl3:6H2O
EDISON,CaSeO3:2H2O,-5.47,-10.1,-4.63,CaSeO3:2H2O
EDISON,CaSeO4,-6.72,-9.81,-3.09,CaSeO4
EDISON,CaSO4:0.5H2O(beta),-4.48,-8.02,-3.54,CaSO4:0.5H2O
EDISON,Celestite,-4.38,-10.11,-5.72,SrSO4
EDISON,Chloromagnesite,-27.92,-6.11,21.82,MgCl2
EDISON,Cl2(g),-40.74,-37.75,2.99,Cl2
EDISON,Claudetite,-44.15,-63.95,-19.8,As2O3
EDISON,CO2(g),-1.94,-9.77,-7.83,CO2
EDISON,Colemanite,-14.61,6.9,21.51,Ca2B6O11:5H2O
EDISON,Dolomite,1.9,4.37,2.47,CaMg(CO3)2
EDISON,Dolomite-dis,0.36,4.37,4.01,CaMg(CO3)2
EDISON,Dolomite-ord,1.91,4.37,2.46,CaMg(CO3)2
EDISON,Downeyite,-15.55,-22.34,-6.79,SeO2
EDISON,Epsomite,-6.63,-8.59,-1.96,MgSO4:7H2O
EDISON,Fe,-30.02,29,59.02,Fe
EDISON,Fe(OH)2,-4.86,9.03,13.89,Fe(OH)2
EDISON,Fe(OH)3,1.89,7.53,5.64,Fe(OH)3
EDISON,Fe2(SO4)3,-48.76,-45.71,3.05,Fe2(SO4)3
EDISON,FeO,-4.49,9.03,13.52,FeO
EDISON,Ferrite-Ca,5.8,27.3,21.5,CaFe2O4
EDISON,Ferrite-Dicalcium,-17.27,39.53,56.8,Ca2Fe2O5
EDISON,Ferrite-Mg,5.71,26.73,21.02,MgFe2O4
EDISON,Ferroselite,-67.64,-148.46,-80.82,FeSe2
EDISON,FeSO4,-13.83,-11.22,2.61,FeSO4
EDISON,Gaylussite,-6.2,4.96,11.16,CaNa2(CO3)2:5H2O
EDISON,Glauberite,-10.54,-16.01,-5.47,Na2Ca(SO4)2
EDISON,Goethite,7,7.53,0.53,FeOOH
EDISON,Gypsum,-3.49,-8.02,-4.53,CaSO4:2H2O
EDISON,H2(g),-23.03,-26.13,-3.1,H2
EDISON,H2O(g),-1.59,0,1.59,H2O
EDISON,Halite,-4.32,-2.76,1.56,NaCl
EDISON,Hausmannite,-11.22,-1.08,10.14,Mn3O4
EDISON,HCl(g),-15.19,-8.89,6.3,HCl
EDISON,Hematite,14.98,15.06,0.08,Fe2O3
EDISON,Hexahydrite,-6.86,-8.59,-1.73,MgSO4:6H2O
EDISON,Huntite,-2.04,8.17,10.22,CaMg3(CO3)4
EDISON,Hydroboracite,-14.03,6.33,20.36,MgCaB6O11:6H2O
EDISON,Hydromagnesite,-11.46,19.27,30.74,Mg5(CO3)4(OH)2:4H2O
EDISON,Hydrophilite,-17.29,-5.54,11.75,CaCl2
EDISON,Ice,-0.14,0,0.14,H2O
EDISON,Jarosite,-4.44,-13.85,-9.41,KFe3(SO4)2(OH)6
EDISON,Jarosite-Na,-6.35,-11.79,-5.45,NaFe3(SO4)2(OH)6
EDISON,K,-56.92,14.06,70.98,K
EDISON,K(g),-67.52,14.06,81.58,K
EDISON,K2CO3:1.5H2O,-14.99,-1.61,13.38,K2CO3:1.5H2O
EDISON,K2O,-75.88,8.16,84.04,K2O
EDISON,K2Se,-76.13,-64.85,11.29,K2Se
EDISON,K3H(SO4)2,-24.65,-28.28,-3.62,K3H(SO4)2
EDISON,K8H4(CO3)6:3H2O,-53.7,-25.99,27.71,K8H4(CO3)6:3H2O
EDISON,Kainite,-13.09,-13.4,-0.31,KMgClSO4:3H2O
EDISON,Kalicinite,-5.98,-5.69,0.28,KHCO3
EDISON,Kieserite,-8.32,-8.59,-0.27,MgSO4:H2O
EDISON,KMgCl3,-32.17,-10.92,21.25,KMgCl3
EDISON,KMgCl3:2H2O,-24.88,-10.92,13.96,KMgCl3:2H2O
EDISON,KNaCO3:6H2O,-9.82,0.44,10.26,KNaCO3:6H2O
EDISON,Lansfordite,-2.94,1.9,4.84,MgCO3:5H2O
EDISON,Lawrencite,-17.8,-8.75,9.05,FeCl2
EDISON,Leonite,-16.58,-20.69,-4.11,K2Mg(SO4)2:4H2O
EDISON,Li,-59.4,13.36,72.76,Li
EDISON,Li(g),-81.58,13.36,94.94,Li
EDISON,Li2Se,-58.5,44.31,102.82,Li2Se
EDISON,Lime,-20.33,12.24,32.57,CaO
EDISON,Magnesite,-0.37,1.9,2.27,MgCO3
EDISON,Magnetite,13.67,24.09,10.42,Fe3O4
EDISON,Manganite,-4.88,-5.05,-0.16,MnO(OH)
EDISON,Manganosite,-8.9,9.01,17.92,MnO
EDISON,Melanterite,-8.83,-11.23,-2.4,FeSO4:7H2O
EDISON,Mercallite,-14.74,-16.18,-1.44,KHSO4
EDISON,Mg,-90.88,31.64,122.52,Mg
EDISON,Mg(g),-110.61,31.64,142.25,Mg
EDISON,Mg1.25SO4(OH)0.5:0.5H2O,-10.86,-5.67,5.2,Mg1.25SO4(OH)0.5:0.5H2O
EDISON,Mg1.5SO4(OH),-11.96,-2.75,9.21,Mg1.5SO4(OH)
EDISON,MgCl2:2H2O,-18.84,-6.11,12.73,MgCl2:2H2O
EDISON,MgCl2:4H2O,-13.41,-6.11,7.3,MgCl2:4H2O
EDISON,MgCl2:H2O,-22.18,-6.11,16.07,MgCl2:H2O
EDISON,MgOHCl,-13.11,2.78,15.89,MgOHCl
EDISON,MgSeO3,-12.34,-10.67,1.67,MgSeO3
EDISON,MgSeO3:6H2O,-7.24,-10.67,-3.44,MgSeO3:6H2O
EDISON,MgSO4,-13.41,-8.58,4.83,MgSO4
EDISON,Mirabilite,-6.84,-8,-1.15,Na2SO4:10H2O
EDISON,Misenite,-98.09,-109.17,-11.08,K8H6(SO4)7
EDISON,Mn,-53.95,28.98,82.93,Mn
EDISON,Mn(OH)2(am),-6.3,9.01,15.31,Mn(OH)2
EDISON,Mn(OH)3,-11.39,-5.05,6.34,Mn(OH)3
EDISON,MnCl2:2H2O,-12.77,-8.77,4,MnCl2:2H2O
EDISON,MnCl2:4H2O,-11.52,-8.77,2.75,MnCl2:4H2O
EDISON,MnCl2:H2O,-14.31,-8.77,5.54,MnCl2:H2O
EDISON,MnO2(gamma),-11.05,-27.18,-16.13,MnO2
EDISON,MnSe,-53.29,-63.99,-10.7,MnSe
EDISON,MnSeO3,-6.05,-13.32,-7.27,MnSeO3
EDISON,MnSeO3:2H2O,-6.99,-13.33,-6.33,MnSeO3:2H2O
EDISON,MnSO4,-13.85,-11.24,2.61,MnSO4
EDISON,Molysite,-32.61,-19.14,13.47,FeCl3
EDISON,Monohydrocalcite,-0.21,2.47,2.68,CaCO3:H2O
EDISON,Na,-51.25,16.12,67.37,Na
EDISON,Na(g),-64.74,16.12,80.86,Na
EDISON,Na2CO3,-8.66,2.5,11.16,Na2CO3
EDISON,Na2CO3:7H2O,-7.45,2.49,9.94,Na2CO3:7H2O
EDISON,Na2O,-55.15,12.27,67.42,Na2O
EDISON,Na2Se,-72.56,-60.73,11.83,Na2Se
EDISON,Na2Se2,-92.35,-153.7,-61.35,Na2Se2
EDISON,Na3H(SO4)2,-21.22,-22.11,-0.89,Na3H(SO4)2
EDISON,Na4Ca(SO4)3:2H2O,-18.1,-23.99,-5.89,Na4Ca(SO4)3:2H2O
EDISON,NaFeO2,-6.22,13.66,19.88,NaFeO2
EDISON,Nahcolite,-3.49,-3.64,-0.14,NaHCO3
EDISON,Natron,-7.1,2.49,9.59,Na2CO3:10H2O
EDISON,Nesquehonite,-3.39,1.9,5.29,MgCO3:3H2O
EDISON,Niter,-6.45,-6.67,-0.22,KNO3
EDISON,Nitrobarite,-9.4,-11.89,-2.49,Ba(NO3)2
EDISON,NO2(g),-9.11,-0.77,8.35,NO2
EDISON,O2(g),-37.04,-39.93,-2.89,O2
EDISON,Oxychloride-Mg,-11.38,14.45,25.83,Mg2Cl(OH)3:4H2O
EDISON,Pentahydrite,-7.2,-8.59,-1.39,MgSO4:5H2O
EDISON,Periclase,-9.65,11.67,21.33,MgO
EDISON,Picromerite,-16.25,-20.69,-4.44,K2Mg(SO4)2:6H2O
EDISON,Pirssonite,-6.36,4.97,11.32,Na2Ca(CO3)2:2H2O
EDISON,Polyhalite,-22.41,-36.72,-14.31,K2MgCa2(SO4)4:2H2O
EDISON,Portlandite,-10.31,12.24,22.55,Ca(OH)2
EDISON,Pyrolusite,-9.52,-27.18,-17.66,MnO2
EDISON,Rhodochrosite,-0.54,-0.76,-0.22,MnCO3
EDISON,Scacchite,-17.51,-8.77,8.74,MnCl2
EDISON,Se,-8.5,17.59,26.1,Se
EDISON,Se2O5,-53.88,-44.39,9.49,Se2O5
EDISON,SeCl4,-72.23,-57.9,14.33,SeCl4
EDISON,SeO3,-41.22,-22.05,19.16,SeO3
EDISON,Siderite,-0.52,-0.74,-0.22,FeCO3
EDISON,Sr,-111.66,30.11,141.77,Sr
EDISON,Sr(NO3)2,-12.49,-11.35,1.14,Sr(NO3)2
EDISON,Sr(NO3)2:4H2O,-12.04,-11.35,0.69,Sr(NO3)2:4H2O
EDISON,Sr(OH)2,-17.37,10.15,27.52,Sr(OH)2
EDISON,Sr3(AsO4)2,-20.45,0.17,20.61,Sr3(AsO4)2
EDISON,SrCl2,-15.53,-7.63,7.9,SrCl2
EDISON,SrCl2:2H2O,-10.92,-7.63,3.29,SrCl2:2H2O
EDISON,SrCl2:6H2O,-9.13,-7.64,1.49,SrCl2:6H2O
EDISON,SrCl2:H2O,-12.37,-7.63,4.73,SrCl2:H2O
EDISON,SrO,-31.73,10.15,41.88,SrO
EDISON,SrSeO4,-7.5,-11.9,-4.4,SrSeO4
EDISON,Starkeyite,-7.59,-8.59,-1,MgSO4:4H2O
EDISON,Strontianite,0.72,0.38,-0.34,SrCO3
EDISON,Sylvite,-5.64,-4.81,0.83,KCl
EDISON,Syngenite,-12.52,-20.12,-7.6,K2Ca(SO4)2:H2O
EDISON,Tachyhydrite,-34.91,-17.77,17.14,Mg2CaCl6:12H2O
EDISON,Thenardite,-7.63,-7.99,-0.36,Na2SO4
EDISON,Thermonatrite,-8.44,2.5,10.94,Na2CO3:H2O
EDISON,Todorokite,-47.82,-93.64,-45.82,Mn7O12:3H2O
EDISON,Trona-K,-16.84,-5.25,11.59,K2NaH(CO3)2:2H2O
EDISON,Witherite,2.85,-0.17,-3.02,BaCO3
EDISON,Wustite,-4.01,8.39,12.4,Fe.947O
MIDWAY-SUNSET,Alstonite,1.07,3.65,2.58,BaCa(CO3)2
MIDWAY-SUNSET,Anhydrite,-2.8,-7.15,-4.35,CaSO4
MIDWAY-SUNSET,Antarcticite,-9.15,-5.05,4.09,CaCl2:6H2O
MIDWAY-SUNSET,Aphthitalite,-13.5,-17.39,-3.89,NaK3(SO4)2
MIDWAY-SUNSET,Aragonite,0.83,2.8,1.97,CaCO3
MIDWAY-SUNSET,Arcanite,-7.88,-9.72,-1.84,K2SO4
MIDWAY-SUNSET,Arsenolite,-44.39,-64.23,-19.84,As2O3
MIDWAY-SUNSET,Artinite,-4.49,15.14,19.63,Mg2CO3(OH)2:3H2O
MIDWAY-SUNSET,As,-45.72,-3.04,42.68,As
MIDWAY-SUNSET,As2O5,-33.79,-31.66,2.14,As2O5
MIDWAY-SUNSET,As4O6(cubi),-88.64,-128.46,-39.82,As4O6
MIDWAY-SUNSET,As4O6(mono),-88.41,-128.46,-40.05,As4O6
MIDWAY-SUNSET,B,-82.81,26.74,109.56,B
MIDWAY-SUNSET,B(g),-174.1,26.74,200.84,B
MIDWAY-SUNSET,B2O3,-10.21,-4.66,5.55,B2O3
MIDWAY-SUNSET,Ba,-111.46,29.77,141.23,Ba
MIDWAY-SUNSET,Ba(OH)2:8H2O,-14.13,10.36,24.49,Ba(OH)2:8H2O
MIDWAY-SUNSET,BaCl2,-9.2,-6.97,2.23,BaCl2
MIDWAY-SUNSET,BaCl2:2H2O,-7.18,-6.98,0.21,BaCl2:2H2O
MIDWAY-SUNSET,BaCl2:H2O,-7.8,-6.97,0.82,BaCl2:H2O
MIDWAY-SUNSET,BaMnO4,-41.43,-51.52,-10.09,BaMnO4
MIDWAY-SUNSET,BaO,-37.41,10.39,47.8,BaO
MIDWAY-SUNSET,Barite,0.92,-9.09,-10.01,BaSO4
MIDWAY-SUNSET,Barytocalcite,0.91,3.65,2.74,BaCa(CO3)2
MIDWAY-SUNSET,BaSeO3,-5.48,-12.06,-6.57,BaSeO3
MIDWAY-SUNSET,BaSeO4,-4.86,-12.32,-7.46,BaSeO4
MIDWAY-SUNSET,Bassanite,-3.45,-7.16,-3.71,CaSO4:0.5H2O
MIDWAY-SUNSET,Birnessite,-53.65,-139.19,-85.55,Mn8O14:5H2O
MIDWAY-SUNSET,Bischofite,-9.43,-5.04,4.39,MgCl2:6H2O
MIDWAY-SUNSET,Bixbyite,-7.95,-8.91,-0.96,Mn2O3
MIDWAY-SUNSET,Bloedite,-10.27,-12.75,-2.48,Na2Mg(SO4)2:4H2O
MIDWAY-SUNSET,Borax,-7.52,4.52,12.04,Na2(B4O5(OH)4):8H2O
MIDWAY-SUNSET,Boric_acid,-2.18,-2.34,-0.16,B(OH)3
MIDWAY-SUNSET,Brucite,-3.94,12.34,16.28,Mg(OH)2
MIDWAY-SUNSET,Burkeite,-16.34,-6.86,9.49,Na6CO3(SO4)2
MIDWAY-SUNSET,C,-34.91,29.24,64.15,C
MIDWAY-SUNSET,C(g),-152.53,29.24,181.77,C
MIDWAY-SUNSET,Ca,-108.12,31.71,139.83,Ca
MIDWAY-SUNSET,Ca(g),-133.36,31.71,165.07,Ca
MIDWAY-SUNSET,Ca2Cl2(OH)2:H2O,-19,7.29,26.29,Ca2Cl2(OH)2:H2O
MIDWAY-SUNSET,Ca3(AsO4)2,-12.49,5.32,17.8,Ca3(AsO4)2
MIDWAY-SUNSET,Ca4Cl2(OH)6:13H2O,-36.44,31.89,68.33,Ca4Cl2(OH)6:13H2O
MIDWAY-SUNSET,Calcite,0.97,2.8,1.82,CaCO3
MIDWAY-SUNSET,Carnallite,-13.11,-8.84,4.27,KMgCl3:6H2O
MIDWAY-SUNSET,CaSeO3:2H2O,-5.49,-10.12,-4.63,CaSeO3:2H2O
MIDWAY-SUNSET,CaSeO4,-7.29,-10.38,-3.09,CaSeO4
MIDWAY-SUNSET,CaSO4:0.5H2O(beta),-3.62,-7.16,-3.54,CaSO4:0.5H2O
MIDWAY-SUNSET,Celestite,-2.8,-8.52,-5.72,SrSO4
MIDWAY-SUNSET,Chloromagnesite,-26.83,-5.02,21.82,MgCl2
MIDWAY-SUNSET,Cl2(g),-39.74,-36.74,2.99,Cl2
MIDWAY-SUNSET,Claudetite,-44.44,-64.23,-19.8,As2O3
MIDWAY-SUNSET,CO2(g),-1.7,-9.53,-7.83,CO2
MIDWAY-SUNSET,Colemanite,-10.87,10.64,21.51,Ca2B6O11:5H2O
MIDWAY-SUNSET,Dolomite,3.13,5.61,2.47,CaMg(CO3)2
MIDWAY-SUNSET,Dolomite-dis,1.6,5.61,4.01,CaMg(CO3)2
MIDWAY-SUNSET,Dolomite-ord,3.14,5.61,2.46,CaMg(CO3)2
MIDWAY-SUNSET,Downeyite,-15.65,-22.44,-6.79,SeO2
MIDWAY-SUNSET,Epsomite,-5.2,-7.16,-1.96,MgSO4:7H2O
MIDWAY-SUNSET,Fe,-31.01,28.01,59.02,Fe
MIDWAY-SUNSET,Fe(OH)2,-5.28,8.62,13.89,Fe(OH)2
MIDWAY-SUNSET,Fe(OH)3,1.77,7.41,5.64,Fe(OH)3
MIDWAY-SUNSET,Fe2(SO4)3,-46.67,-43.62,3.05,Fe2(SO4)3
MIDWAY-SUNSET,FeO,-4.9,8.62,13.52,FeO
MIDWAY-SUNSET,Ferrite-Ca,5.65,27.14,21.5,CaFe2O4
MIDWAY-SUNSET,Ferrite-Dicalcium,-17.33,39.47,56.8,Ca2Fe2O5
MIDWAY-SUNSET,Ferrite-Mg,6.14,27.16,21.02,MgFe2O4
MIDWAY-SUNSET,Ferroselite,-64.38,-145.21,-80.82,FeSe2
MIDWAY-SUNSET,FeSO4,-13.46,-10.86,2.61,FeSO4
MIDWAY-SUNSET,Gaylussite,-4.04,7.13,11.16,CaNa2(CO3)2:5H2O
MIDWAY-SUNSET,Glauberite,-7.29,-12.76,-5.47,Na2Ca(SO4)2
MIDWAY-SUNSET,Goethite,6.88,7.41,0.53,FeOOH
MIDWAY-SUNSET,Gypsum,-2.63,-7.16,-4.53,CaSO4:2H2O
MIDWAY-SUNSET,H2(g),-23.62,-26.72,-3.1,H2
MIDWAY-SUNSET,H2O(g),-1.59,0,1.59,H2O
MIDWAY-SUNSET,Halite,-3.3,-1.74,1.56,NaCl
MIDWAY-SUNSET,Hausmannite,-9.75,0.4,10.14,Mn3O4
MIDWAY-SUNSET,HCl(g),-14.98,-8.68,6.3,HCl
MIDWAY-SUNSET,Hematite,14.74,14.82,0.08,Fe2O3
MIDWAY-SUNSET,Hexahydrite,-5.43,-7.16,-1.73,MgSO4:6H2O
MIDWAY-SUNSET,Huntite,1.01,11.23,10.22,CaMg3(CO3)4
MIDWAY-SUNSET,Hydroboracite,-9.71,10.65,20.36,MgCaB6O11:6H2O
MIDWAY-SUNSET,Hydromagnesite,-7.16,23.58,30.74,Mg5(CO3)4(OH)2:4H2O
MIDWAY-SUNSET,Hydrophilite,-16.78,-5.03,11.75,CaCl2
MIDWAY-SUNSET,Ice,-0.14,0,0.14,H2O
MIDWAY-SUNSET,Jarosite,-2.45,-11.86,-9.41,KFe3(SO4)2(OH)6
MIDWAY-SUNSET,Jarosite-Na,-4.35,-9.8,-5.45,NaFe3(SO4)2(OH)6
MIDWAY-SUNSET,K,-56.41,14.57,70.98,K
MIDWAY-SUNSET,K(g),-67.01,14.57,81.58,K
MIDWAY-SUNSET,K2CO3:1.5H2O,-13.16,0.22,13.38,K2CO3:1.5H2O
MIDWAY-SUNSET,K2O,-74.28,9.75,84.04,K2O
MIDWAY-SUNSET,K2Se,-72.99,-61.71,11.29,K2Se
MIDWAY-SUNSET,K3H(SO4)2,-20.7,-24.33,-3.62,K3H(SO4)2
MIDWAY-SUNSET,K8H4(CO3)6:3H2O,-45.88,-18.17,27.71,K8H4(CO3)6:3H2O
MIDWAY-SUNSET,Kainite,-10.64,-10.95,-0.31,KMgClSO4:3H2O
MIDWAY-SUNSET,Kalicinite,-4.94,-4.65,0.28,KHCO3
MIDWAY-SUNSET,Kieserite,-6.87,-7.14,-0.27,MgSO4:H2O
MIDWAY-SUNSET,KMgCl3,-30.06,-8.82,21.25,KMgCl3
MIDWAY-SUNSET,KMgCl3:2H2O,-22.79,-8.82,13.96,KMgCl3:2H2O
MIDWAY-SUNSET,KNaCO3:6H2O,-7.99,2.27,10.26,KNaCO3:6H2O
MIDWAY-SUNSET,Lansfordite,-2.04,2.8,4.84,MgCO3:5H2O
MIDWAY-SUNSET,Lawrencite,-17.79,-8.74,9.05,FeCl2
MIDWAY-SUNSET,Leonite,-12.76,-16.87,-4.11,K2Mg(SO4)2:4H2O
MIDWAY-SUNSET,Li,-58.66,14.1,72.76,Li
MIDWAY-SUNSET,Li(g),-80.84,14.1,94.94,Li
MIDWAY-SUNSET,Li2Se,-58.28,44.53,102.82,Li2Se
MIDWAY-SUNSET,Lime,-20.24,12.33,32.57,CaO
MIDWAY-SUNSET,Magnesite,0.54,2.81,2.27,MgCO3
MIDWAY-SUNSET,Magnetite,13.02,23.44,10.42,Fe3O4
MIDWAY-SUNSET,Manganite,-4.29,-4.46,-0.16,MnO(OH)
MIDWAY-SUNSET,Manganosite,-8.61,9.31,17.92,MnO
MIDWAY-SUNSET,Melanterite,-8.48,-10.88,-2.4,FeSO4:7H2O
MIDWAY-SUNSET,Mercallite,-13.16,-14.6,-1.44,KHSO4
MIDWAY-SUNSET,Mg,-90.79,31.73,122.52,Mg
MIDWAY-SUNSET,Mg(g),-110.52,31.73,142.25,Mg
MIDWAY-SUNSET,Mg1.25SO4(OH)0.5:0.5H2O,-9.25,-4.05,5.2,Mg1.25SO4(OH)0.5:0.5H2O
MIDWAY-SUNSET,Mg1.5SO4(OH),-10.18,-0.97,9.21,Mg1.5SO4(OH)
MIDWAY-SUNSET,MgCl2:2H2O,-17.75,-5.02,12.73,MgCl2:2H2O
MIDWAY-SUNSET,MgCl2:4H2O,-12.33,-5.03,7.3,MgCl2:4H2O
MIDWAY-SUNSET,MgCl2:H2O,-21.09,-5.02,16.07,MgCl2:H2O
MIDWAY-SUNSET,MgOHCl,-12.23,3.66,15.89,MgOHCl
MIDWAY-SUNSET,MgSeO3,-11.77,-10.1,1.67,MgSeO3
MIDWAY-SUNSET,MgSeO3:6H2O,-6.69,-10.12,-3.44,MgSeO3:6H2O
MIDWAY-SUNSET,MgSO4,-11.97,-7.14,4.83,MgSO4
MIDWAY-SUNSET,Mirabilite,-4.48,-5.63,-1.15,Na2SO4:10H2O
MIDWAY-SUNSET,Misenite,-86.27,-97.34,-11.08,K8H6(SO4)7
MIDWAY-SUNSET,Mn,-54.24,28.7,82.93,Mn
MIDWAY-SUNSET,Mn(OH)2(am),-6,9.31,15.31,Mn(OH)2
MIDWAY-SUNSET,Mn(OH)3,-10.8,-4.46,6.34,Mn(OH)3
MIDWAY-SUNSET,MnCl2:2H2O,-12.05,-8.05,4,MnCl2:2H2O
MIDWAY-SUNSET,MnCl2:4H2O,-10.81,-8.06,2.75,MnCl2:4H2O
MIDWAY-SUNSET,MnCl2:H2O,-13.59,-8.05,5.54,MnCl2:H2O
MIDWAY-SUNSET,MnO2(gamma),-10.17,-26.3,-16.13,MnO2
MIDWAY-SUNSET,MnSe,-51.45,-62.15,-10.7,MnSe
MIDWAY-SUNSET,MnSeO3,-5.86,-13.13,-7.27,MnSeO3
MIDWAY-SUNSET,MnSeO3:2H2O,-6.81,-13.14,-6.33,MnSeO3:2H2O
MIDWAY-SUNSET,MnSO4,-12.78,-10.17,2.61,MnSO4
MIDWAY-SUNSET,Molysite,-32.1,-18.63,13.47,FeCl3
MIDWAY-SUNSET,Monohydrocalcite,0.11,2.79,2.68,CaCO3:H2O
MIDWAY-SUNSET,Na,-50.74,16.63,67.37,Na
MIDWAY-SUNSET,Na(g),-64.23,16.63,80.86,Na
MIDWAY-SUNSET,Na2CO3,-6.82,4.35,11.16,Na2CO3
MIDWAY-SUNSET,Na2CO3:7H2O,-5.61,4.33,9.94,Na2CO3:7H2O
MIDWAY-SUNSET,Na2O,-53.54,13.88,67.42,Na2O
MIDWAY-SUNSET,Na2Se,-69.41,-57.58,11.83,Na2Se
MIDWAY-SUNSET,Na2Se2,-87.08,-148.43,-61.35,Na2Se2
MIDWAY-SUNSET,Na3H(SO4)2,-17.25,-18.14,-0.89,Na3H(SO4)2
MIDWAY-SUNSET,Na4Ca(SO4)3:2H2O,-12.47,-18.36,-5.89,Na4Ca(SO4)3:2H2O
MIDWAY-SUNSET,NaFeO2,-5.54,14.35,19.88,NaFeO2
MIDWAY-SUNSET,Nahcolite,-2.45,-2.59,-0.14,NaHCO3
MIDWAY-SUNSET,Natron,-5.27,4.32,9.59,Na2CO3:10H2O
MIDWAY-SUNSET,Nesquehonite,-2.49,2.8,5.29,MgCO3:3H2O
MIDWAY-SUNSET,Niter,-6.77,-6.99,-0.22,KNO3
MIDWAY-SUNSET,Nitrobarite,-10.86,-13.35,-2.49,Ba(NO3)2
MIDWAY-SUNSET,NO2(g),-10.53,-2.18,8.35,NO2
MIDWAY-SUNSET,O2(g),-35.88,-38.77,-2.89,O2
MIDWAY-SUNSET,Oxychloride-Mg,-9.84,15.99,25.83,Mg2Cl(OH)3:4H2O
MIDWAY-SUNSET,Pentahydrite,-5.77,-7.15,-1.39,MgSO4:5H2O
MIDWAY-SUNSET,Periclase,-8.98,12.34,21.33,MgO
MIDWAY-SUNSET,Picromerite,-12.44,-16.88,-4.44,K2Mg(SO4)2:6H2O
MIDWAY-SUNSET,Pirssonite,-4.19,7.14,11.32,Na2Ca(CO3)2:2H2O
MIDWAY-SUNSET,Polyhalite,-16.86,-31.18,-14.31,K2MgCa2(SO4)4:2H2O
MIDWAY-SUNSET,Portlandite,-10.22,12.32,22.55,Ca(OH)2
MIDWAY-SUNSET,Pyrolusite,-8.64,-26.3,-17.66,MnO2
MIDWAY-SUNSET,Rhodochrosite,0,-0.22,-0.22,MnCO3
MIDWAY-SUNSET,Scacchite,-16.79,-8.05,8.74,MnCl2
MIDWAY-SUNSET,Se,-9.77,16.33,26.1,Se
MIDWAY-SUNSET,Se2O5,-54.64,-45.15,9.49,Se2O5
MIDWAY-SUNSET,SeCl4,-71.49,-57.16,14.33,SeCl4
MIDWAY-SUNSET,SeO3,-41.87,-22.71,19.16,SeO3
MIDWAY-SUNSET,Siderite,-0.69,-0.91,-0.22,FeCO3
MIDWAY-SUNSET,Sr,-111.43,30.34,141.77,Sr
MIDWAY-SUNSET,Sr(NO3)2,-13.92,-12.78,1.14,Sr(NO3)2
MIDWAY-SUNSET,Sr(NO3)2:4H2O,-13.48,-12.79,0.69,Sr(NO3)2:4H2O
MIDWAY-SUNSET,Sr(OH)2,-16.56,10.96,27.52,Sr(OH)2
MIDWAY-SUNSET,Sr3(AsO4)2,-19.39,1.22,20.61,Sr3(AsO4)2
MIDWAY-SUNSET,SrCl2,-14.3,-6.4,7.9,SrCl2
MIDWAY-SUNSET,SrCl2:2H2O,-9.69,-6.4,3.29,SrCl2:2H2O
MIDWAY-SUNSET,SrCl2:6H2O,-7.91,-6.42,1.49,SrCl2:6H2O
MIDWAY-SUNSET,SrCl2:H2O,-11.14,-6.4,4.73,SrCl2:H2O
MIDWAY-SUNSET,SrO,-30.92,10.96,41.88,SrO
MIDWAY-SUNSET,SrSeO4,-7.35,-11.75,-4.4,SrSeO4
MIDWAY-SUNSET,Starkeyite,-6.15,-7.15,-1,MgSO4:4H2O
MIDWAY-SUNSET,Strontianite,1.77,1.43,-0.34,SrCO3
MIDWAY-SUNSET,Sylvite,-4.63,-3.8,0.83,KCl
MIDWAY-SUNSET,Syngenite,-9.28,-16.88,-7.6,K2Ca(SO4)2:H2O
MIDWAY-SUNSET,Tachyhydrite,-32.25,-15.1,17.14,Mg2CaCl6:12H2O
MIDWAY-SUNSET,Thenardite,-5.24,-5.6,-0.36,Na2SO4
MIDWAY-SUNSET,Thermonatrite,-6.59,4.34,10.94,Na2CO3:H2O
MIDWAY-SUNSET,Todorokite,-42.84,-88.66,-45.82,Mn7O12:3H2O
MIDWAY-SUNSET,Trona-K,-13.96,-2.37,11.59,K2NaH(CO3)2:2H2O
MIDWAY-SUNSET,Witherite,3.87,0.86,-3.02,BaCO3
MIDWAY-SUNSET,Wustite,-4.37,8.04,12.4,Fe.947O
